{
  "api/MYBooseApp.AppCanvas.html": {
    "href": "api/MYBooseApp.AppCanvas.html",
    "title": "Class AppCanvas | Sourav_Subedi_Paint_App",
    "summary": "Class AppCanvas Namespace MYBooseApp Assembly MYBooseApp.dll This class extends the canvas class from the library The umplemented method from the libray are implemented here public class AppCanvas : Canvas, ICanvas Inheritance object Canvas AppCanvas Implements ICanvas Inherited Members Canvas.background_colour object.Equals(object) object.Equals(object, object) object.GetHashCode() object.GetType() object.MemberwiseClone() object.ReferenceEquals(object, object) object.ToString() Constructors AppCanvas(int, int) it is used to initalize the canvas public AppCanvas(int width, int height) Parameters width int the width of the canvas height int the height of the canvas Properties PenColour handels the color of the pen public override object PenColour { get; set; } Property Value object Xpos handlels the horizontal position of the cursor public override int Xpos { get; set; } Property Value int Ypos handlels the verticle position of the cursor public override int Ypos { get; set; } Property Value int Methods Circle(int, bool) draws the circle public override void Circle(int radius, bool filled) Parameters radius int the radius of the circle filled bool bool value to determine the fill of the circle Clear() clears the canvas public override void Clear() DisposeResources() used to dispose the resource after use public void DisposeResources() DrawTo(int, int) draws the line public override void DrawTo(int x, int y) Parameters x int horizontal position of the end of line y int verticle position fo the end of line MoveTo(int, int) moves the pen to the desired position public override void MoveTo(int x, int y) Parameters x int horizontal position of the pen y int vertical postion of the pen Rect(int, int, bool) draws the rectangle public override void Rect(int width, int height, bool filled) Parameters width int width of recatangle height int height of rectangle filled bool bool value to determine the fill of the rectangle Rectangle(int, int, bool) handles the difference in spelling of the rect method public override void Rectangle(int width, int height, bool filled) Parameters width int height int filled bool Reset() resets the canvas and sets position of pen to 0,0 public override void Reset() Set(int, int) public override void Set(int width, int height) Parameters width int height int SetColour(int, int, int) sets the color of the brush public override void SetColour(int red, int green, int blue) Parameters red int red value green int green value blue int blue value Tri(int, int) draws the triangle public override void Tri(int width, int height) Parameters width int height int WriteText(string) public override void WriteText(string text) Parameters text string WriteText(string, int, int) writes the text in the canvas public void WriteText(string text, int x, int y) Parameters text string the text to be written x int the horizontal position of the text y int the vertical position of the text getBitmap() returns the bitmap public override object getBitmap() Returns object"
  },
  "api/MYBooseApp.AppCommandFactory.html": {
    "href": "api/MYBooseApp.AppCommandFactory.html",
    "title": "Class AppCommandFactory | Sourav_Subedi_Paint_App",
    "summary": "Class AppCommandFactory Namespace MYBooseApp Assembly MYBooseApp.dll the extention of the command factory to add custom made command into it public class AppCommandFactory : CommandFactory, ICommandFactory Inheritance object CommandFactory AppCommandFactory Implements ICommandFactory Inherited Members object.Equals(object) object.Equals(object, object) object.GetHashCode() object.GetType() object.MemberwiseClone() object.ReferenceEquals(object, object) object.ToString() Methods MakeCommand(string) the method overrides the method from the base class to add custom commands public override ICommand MakeCommand(string commandType) Parameters commandType string the string command name Returns ICommand"
  },
  "api/MYBooseApp.AppMoveto.html": {
    "href": "api/MYBooseApp.AppMoveto.html",
    "title": "Class AppMoveto | Sourav_Subedi_Paint_App",
    "summary": "Class AppMoveto Namespace MYBooseApp Assembly MYBooseApp.dll Override base moveto class to add validation for positive integers and handle invalid expressions gracefully public class AppMoveto : CommandTwoParameters, ICommand Inheritance object Command CanvasCommand CommandOneParameter CommandTwoParameters AppMoveto Implements ICommand Inherited Members CommandTwoParameters.param2 CommandTwoParameters.param2unprocessed CommandTwoParameters.CheckParameters(string[]) CommandOneParameter.param1 CommandOneParameter.param1unprocessed CanvasCommand.yPos CanvasCommand.xPos CanvasCommand.canvas CanvasCommand.Canvas Command.IsDouble Command.program Command.parameterList Command.parameters Command.paramsint Command.Set(StoredProgram, string) Command.Compile() Command.ProcessParameters(string) Command.ToString() Command.Program Command.Name Command.ParameterList Command.Parameters Command.Paramsint object.Equals(object) object.Equals(object, object) object.GetHashCode() object.GetType() object.MemberwiseClone() object.ReferenceEquals(object, object) Methods Execute() public override void Execute()"
  },
  "api/MYBooseApp.AppParser.html": {
    "href": "api/MYBooseApp.AppParser.html",
    "title": "Class AppParser | Sourav_Subedi_Paint_App",
    "summary": "Class AppParser Namespace MYBooseApp Assembly MYBooseApp.dll extends the base parser from the library public class AppParser : Parser, IParser Inheritance object Parser AppParser Implements IParser Inherited Members Parser.ParseCommand(string) Parser.ParseProgram(string) object.Equals(object) object.Equals(object, object) object.GetHashCode() object.GetType() object.MemberwiseClone() object.ReferenceEquals(object, object) object.ToString() Constructors AppParser(CommandFactory, StoredProgram) public AppParser(CommandFactory factory, StoredProgram program) Parameters factory CommandFactory program StoredProgram Methods Parse(string) public void Parse(string source) Parameters source string"
  },
  "api/MYBooseApp.AppStoredProgram.html": {
    "href": "api/MYBooseApp.AppStoredProgram.html",
    "title": "Class AppStoredProgram | Sourav_Subedi_Paint_App",
    "summary": "Class AppStoredProgram Namespace MYBooseApp Assembly MYBooseApp.dll extends the base stored program public class AppStoredProgram : StoredProgram, IList, ICollection, IEnumerable, ICloneable, IStoredProgram Inheritance object ArrayList StoredProgram AppStoredProgram Implements IList ICollection IEnumerable ICloneable IStoredProgram Inherited Members StoredProgram.IsValidProgram() StoredProgram.SetSyntaxStatus(bool) StoredProgram.AddMethod(Method) StoredProgram.GetMethod(string) StoredProgram.AddVariable(Evaluation) StoredProgram.GetVariable(string) StoredProgram.GetVariable(int) StoredProgram.FindVariable(Evaluation) StoredProgram.FindVariable(string) StoredProgram.VariableExists(string) StoredProgram.GetVarValue(string) StoredProgram.UpdateVariable(string, int) StoredProgram.UpdateVariable(string, double) StoredProgram.UpdateVariable(string, bool) StoredProgram.DeleteVariable(string) StoredProgram.IsExpression(string) StoredProgram.EvaluateExpressionWithString(string) StoredProgram.EvaluateExpression(string) StoredProgram.Push(ConditionalCommand) StoredProgram.Pop() StoredProgram.Add(Command) StoredProgram.NextCommand() StoredProgram.ResetProgram() StoredProgram.Commandsleft() StoredProgram.Run() StoredProgram.PC ArrayList.Adapter(IList) ArrayList.Add(object) ArrayList.AddRange(ICollection) ArrayList.BinarySearch(int, int, object, IComparer) ArrayList.BinarySearch(object) ArrayList.BinarySearch(object, IComparer) ArrayList.Clear() ArrayList.Clone() ArrayList.Contains(object) ArrayList.CopyTo(Array) ArrayList.CopyTo(Array, int) ArrayList.CopyTo(int, Array, int, int) ArrayList.FixedSize(ArrayList) ArrayList.FixedSize(IList) ArrayList.GetEnumerator() ArrayList.GetEnumerator(int, int) ArrayList.GetRange(int, int) ArrayList.IndexOf(object) ArrayList.IndexOf(object, int) ArrayList.IndexOf(object, int, int) ArrayList.Insert(int, object) ArrayList.InsertRange(int, ICollection) ArrayList.LastIndexOf(object) ArrayList.LastIndexOf(object, int) ArrayList.LastIndexOf(object, int, int) ArrayList.ReadOnly(ArrayList) ArrayList.ReadOnly(IList) ArrayList.Remove(object) ArrayList.RemoveAt(int) ArrayList.RemoveRange(int, int) ArrayList.Repeat(object, int) ArrayList.Reverse() ArrayList.Reverse(int, int) ArrayList.SetRange(int, ICollection) ArrayList.Sort() ArrayList.Sort(IComparer) ArrayList.Sort(int, int, IComparer) ArrayList.Synchronized(ArrayList) ArrayList.Synchronized(IList) ArrayList.ToArray() ArrayList.ToArray(Type) ArrayList.TrimToSize() ArrayList.Capacity ArrayList.Count ArrayList.IsFixedSize ArrayList.IsReadOnly ArrayList.IsSynchronized ArrayList.this[int] ArrayList.SyncRoot object.Equals(object) object.Equals(object, object) object.GetHashCode() object.GetType() object.MemberwiseClone() object.ReferenceEquals(object, object) object.ToString() Constructors AppStoredProgram(ICanvas) public AppStoredProgram(ICanvas canvas) Parameters canvas ICanvas"
  },
  "api/MYBooseApp.html": {
    "href": "api/MYBooseApp.html",
    "title": "Namespace MYBooseApp | Sourav_Subedi_Paint_App",
    "summary": "Namespace MYBooseApp Classes AppCanvas This class extends the canvas class from the library The umplemented method from the libray are implemented here AppCommandFactory the extention of the command factory to add custom made command into it AppMoveto Override base moveto class to add validation for positive integers and handle invalid expressions gracefully AppParser extends the base parser from the library AppStoredProgram extends the base stored program"
  },
  "api/Medium_Scale_Software_Engineering_Project.OutputForm.html": {
    "href": "api/Medium_Scale_Software_Engineering_Project.OutputForm.html",
    "title": "Class OutputForm | Sourav_Subedi_Paint_App",
    "summary": "Class OutputForm Namespace Medium_Scale_Software_Engineering_Project Assembly MYBooseApp.dll Represents the main output and editor form for the BOOSE graphics application. Handles program input, parsing, execution, canvas drawing, file operations, and UI commands. public class OutputForm : Form, IDropTarget, ISynchronizeInvoke, IWin32Window, IBindableComponent, IComponent, IDisposable, IContainerControl Inheritance object MarshalByRefObject Component Control ScrollableControl ContainerControl Form OutputForm Implements IDropTarget ISynchronizeInvoke IWin32Window IBindableComponent IComponent IDisposable IContainerControl Inherited Members Form.SetVisibleCore(bool) Form.Activate() Form.ActivateMdiChild(Form) Form.AddOwnedForm(Form) Form.AdjustFormScrollbars(bool) Form.Close() Form.CreateAccessibilityInstance() Form.CreateControlsInstance() Form.CreateHandle() Form.DefWndProc(ref Message) Form.ProcessMnemonic(char) Form.CenterToParent() Form.CenterToScreen() Form.LayoutMdi(MdiLayout) Form.OnActivated(EventArgs) Form.OnBackgroundImageChanged(EventArgs) Form.OnBackgroundImageLayoutChanged(EventArgs) Form.OnClosing(CancelEventArgs) Form.OnClosed(EventArgs) Form.OnFormClosing(FormClosingEventArgs) Form.OnFormClosed(FormClosedEventArgs) Form.OnCreateControl() Form.OnDeactivate(EventArgs) Form.OnEnabledChanged(EventArgs) Form.OnEnter(EventArgs) Form.OnFontChanged(EventArgs) Form.OnGotFocus(EventArgs) Form.OnHandleCreated(EventArgs) Form.OnHandleDestroyed(EventArgs) Form.OnHelpButtonClicked(CancelEventArgs) Form.OnLayout(LayoutEventArgs) Form.OnLoad(EventArgs) Form.OnMaximizedBoundsChanged(EventArgs) Form.OnMaximumSizeChanged(EventArgs) Form.OnMinimumSizeChanged(EventArgs) Form.OnInputLanguageChanged(InputLanguageChangedEventArgs) Form.OnInputLanguageChanging(InputLanguageChangingEventArgs) Form.OnVisibleChanged(EventArgs) Form.OnMdiChildActivate(EventArgs) Form.OnMenuStart(EventArgs) Form.OnMenuComplete(EventArgs) Form.OnPaint(PaintEventArgs) Form.OnResize(EventArgs) Form.OnDpiChanged(DpiChangedEventArgs) Form.OnGetDpiScaledSize(int, int, ref Size) Form.OnRightToLeftLayoutChanged(EventArgs) Form.OnShown(EventArgs) Form.OnTextChanged(EventArgs) Form.ProcessCmdKey(ref Message, Keys) Form.ProcessDialogKey(Keys) Form.ProcessDialogChar(char) Form.ProcessKeyPreview(ref Message) Form.ProcessTabKey(bool) Form.RemoveOwnedForm(Form) Form.Select(bool, bool) Form.ScaleMinMaxSize(float, float, bool) Form.GetScaledBounds(Rectangle, SizeF, BoundsSpecified) Form.ScaleControl(SizeF, BoundsSpecified) Form.SetBoundsCore(int, int, int, int, BoundsSpecified) Form.SetClientSizeCore(int, int) Form.SetDesktopBounds(int, int, int, int) Form.SetDesktopLocation(int, int) Form.Show(IWin32Window) Form.ShowDialog() Form.ShowDialog(IWin32Window) Form.ToString() Form.UpdateDefaultButton() Form.OnResizeBegin(EventArgs) Form.OnResizeEnd(EventArgs) Form.OnStyleChanged(EventArgs) Form.ValidateChildren() Form.ValidateChildren(ValidationConstraints) Form.WndProc(ref Message) Form.AcceptButton Form.ActiveForm Form.ActiveMdiChild Form.AllowTransparency Form.AutoScroll Form.AutoSize Form.AutoSizeMode Form.AutoValidate Form.BackColor Form.FormBorderStyle Form.CancelButton Form.ClientSize Form.ControlBox Form.CreateParams Form.DefaultImeMode Form.DefaultSize Form.DesktopBounds Form.DesktopLocation Form.DialogResult Form.HelpButton Form.Icon Form.IsMdiChild Form.IsMdiContainer Form.IsRestrictedWindow Form.KeyPreview Form.Location Form.MaximizedBounds Form.MaximumSize Form.MainMenuStrip Form.MinimumSize Form.MaximizeBox Form.MdiChildren Form.MdiChildrenMinimizedAnchorBottom Form.MdiParent Form.MinimizeBox Form.Modal Form.Opacity Form.OwnedForms Form.Owner Form.RestoreBounds Form.RightToLeftLayout Form.ShowInTaskbar Form.ShowIcon Form.ShowWithoutActivation Form.Size Form.SizeGripStyle Form.StartPosition Form.Text Form.TopLevel Form.TopMost Form.TransparencyKey Form.WindowState Form.AutoSizeChanged Form.AutoValidateChanged Form.HelpButtonClicked Form.MaximizedBoundsChanged Form.MaximumSizeChanged Form.MinimumSizeChanged Form.Activated Form.Deactivate Form.FormClosing Form.FormClosed Form.Load Form.MdiChildActivate Form.MenuComplete Form.MenuStart Form.InputLanguageChanged Form.InputLanguageChanging Form.RightToLeftLayoutChanged Form.Shown Form.DpiChanged Form.ResizeBegin Form.ResizeEnd ContainerControl.OnAutoValidateChanged(EventArgs) ContainerControl.OnMove(EventArgs) ContainerControl.OnParentChanged(EventArgs) ContainerControl.PerformAutoScale() ContainerControl.RescaleConstantsForDpi(int, int) ContainerControl.Validate() ContainerControl.Validate(bool) ContainerControl.AutoScaleDimensions ContainerControl.AutoScaleFactor ContainerControl.AutoScaleMode ContainerControl.BindingContext ContainerControl.CanEnableIme ContainerControl.ActiveControl ContainerControl.CurrentAutoScaleDimensions ContainerControl.ParentForm ScrollableControl.ScrollStateAutoScrolling ScrollableControl.ScrollStateHScrollVisible ScrollableControl.ScrollStateVScrollVisible ScrollableControl.ScrollStateUserHasScrolled ScrollableControl.ScrollStateFullDrag ScrollableControl.GetScrollState(int) ScrollableControl.OnMouseWheel(MouseEventArgs) ScrollableControl.OnRightToLeftChanged(EventArgs) ScrollableControl.OnPaintBackground(PaintEventArgs) ScrollableControl.OnPaddingChanged(EventArgs) ScrollableControl.SetDisplayRectLocation(int, int) ScrollableControl.ScrollControlIntoView(Control) ScrollableControl.ScrollToControl(Control) ScrollableControl.OnScroll(ScrollEventArgs) ScrollableControl.SetAutoScrollMargin(int, int) ScrollableControl.SetScrollState(int, bool) ScrollableControl.AutoScrollMargin ScrollableControl.AutoScrollPosition ScrollableControl.AutoScrollMinSize ScrollableControl.DisplayRectangle ScrollableControl.HScroll ScrollableControl.HorizontalScroll ScrollableControl.VScroll ScrollableControl.VerticalScroll ScrollableControl.Scroll Control.GetAccessibilityObjectById(int) Control.SetAutoSizeMode(AutoSizeMode) Control.GetAutoSizeMode() Control.GetPreferredSize(Size) Control.AccessibilityNotifyClients(AccessibleEvents, int) Control.AccessibilityNotifyClients(AccessibleEvents, int, int) Control.BeginInvoke(Delegate) Control.BeginInvoke(Action) Control.BeginInvoke(Delegate, params object[]) Control.BringToFront() Control.Contains(Control) Control.CreateGraphics() Control.CreateControl() Control.DestroyHandle() Control.DoDragDrop(object, DragDropEffects) Control.DoDragDrop(object, DragDropEffects, Bitmap, Point, bool) Control.DrawToBitmap(Bitmap, Rectangle) Control.EndInvoke(IAsyncResult) Control.FindForm() Control.GetTopLevel() Control.RaiseKeyEvent(object, KeyEventArgs) Control.RaiseMouseEvent(object, MouseEventArgs) Control.Focus() Control.FromChildHandle(nint) Control.FromHandle(nint) Control.GetChildAtPoint(Point, GetChildAtPointSkip) Control.GetChildAtPoint(Point) Control.GetContainerControl() Control.GetNextControl(Control, bool) Control.GetStyle(ControlStyles) Control.Hide() Control.InitLayout() Control.Invalidate(Region) Control.Invalidate(Region, bool) Control.Invalidate() Control.Invalidate(bool) Control.Invalidate(Rectangle) Control.Invalidate(Rectangle, bool) Control.Invoke(Action) Control.Invoke(Delegate) Control.Invoke(Delegate, params object[]) Control.Invoke<T>(Func<T>) Control.InvokePaint(Control, PaintEventArgs) Control.InvokePaintBackground(Control, PaintEventArgs) Control.IsKeyLocked(Keys) Control.IsInputChar(char) Control.IsInputKey(Keys) Control.IsMnemonic(char, string) Control.LogicalToDeviceUnits(int) Control.LogicalToDeviceUnits(Size) Control.ScaleBitmapLogicalToDevice(ref Bitmap) Control.NotifyInvalidate(Rectangle) Control.InvokeOnClick(Control, EventArgs) Control.OnAutoSizeChanged(EventArgs) Control.OnBackColorChanged(EventArgs) Control.OnBindingContextChanged(EventArgs) Control.OnCausesValidationChanged(EventArgs) Control.OnContextMenuStripChanged(EventArgs) Control.OnCursorChanged(EventArgs) Control.OnDataContextChanged(EventArgs) Control.OnDockChanged(EventArgs) Control.OnForeColorChanged(EventArgs) Control.OnNotifyMessage(Message) Control.OnParentBackColorChanged(EventArgs) Control.OnParentBackgroundImageChanged(EventArgs) Control.OnParentBindingContextChanged(EventArgs) Control.OnParentCursorChanged(EventArgs) Control.OnParentDataContextChanged(EventArgs) Control.OnParentEnabledChanged(EventArgs) Control.OnParentFontChanged(EventArgs) Control.OnParentForeColorChanged(EventArgs) Control.OnParentRightToLeftChanged(EventArgs) Control.OnParentVisibleChanged(EventArgs) Control.OnPrint(PaintEventArgs) Control.OnTabIndexChanged(EventArgs) Control.OnTabStopChanged(EventArgs) Control.OnClick(EventArgs) Control.OnClientSizeChanged(EventArgs) Control.OnControlAdded(ControlEventArgs) Control.OnControlRemoved(ControlEventArgs) Control.OnLocationChanged(EventArgs) Control.OnDoubleClick(EventArgs) Control.OnDragEnter(DragEventArgs) Control.OnDragOver(DragEventArgs) Control.OnDragLeave(EventArgs) Control.OnDragDrop(DragEventArgs) Control.OnGiveFeedback(GiveFeedbackEventArgs) Control.InvokeGotFocus(Control, EventArgs) Control.OnHelpRequested(HelpEventArgs) Control.OnInvalidated(InvalidateEventArgs) Control.OnKeyDown(KeyEventArgs) Control.OnKeyPress(KeyPressEventArgs) Control.OnKeyUp(KeyEventArgs) Control.OnLeave(EventArgs) Control.InvokeLostFocus(Control, EventArgs) Control.OnLostFocus(EventArgs) Control.OnMarginChanged(EventArgs) Control.OnMouseDoubleClick(MouseEventArgs) Control.OnMouseClick(MouseEventArgs) Control.OnMouseCaptureChanged(EventArgs) Control.OnMouseDown(MouseEventArgs) Control.OnMouseEnter(EventArgs) Control.OnMouseLeave(EventArgs) Control.OnDpiChangedBeforeParent(EventArgs) Control.OnDpiChangedAfterParent(EventArgs) Control.OnMouseHover(EventArgs) Control.OnMouseMove(MouseEventArgs) Control.OnMouseUp(MouseEventArgs) Control.OnQueryContinueDrag(QueryContinueDragEventArgs) Control.OnRegionChanged(EventArgs) Control.OnPreviewKeyDown(PreviewKeyDownEventArgs) Control.OnSizeChanged(EventArgs) Control.OnChangeUICues(UICuesEventArgs) Control.OnSystemColorsChanged(EventArgs) Control.OnValidating(CancelEventArgs) Control.OnValidated(EventArgs) Control.PerformLayout() Control.PerformLayout(Control, string) Control.PointToClient(Point) Control.PointToScreen(Point) Control.PreProcessMessage(ref Message) Control.PreProcessControlMessage(ref Message) Control.ProcessKeyEventArgs(ref Message) Control.ProcessKeyMessage(ref Message) Control.RaiseDragEvent(object, DragEventArgs) Control.RaisePaintEvent(object, PaintEventArgs) Control.RecreateHandle() Control.RectangleToClient(Rectangle) Control.RectangleToScreen(Rectangle) Control.ReflectMessage(nint, ref Message) Control.Refresh() Control.ResetMouseEventArgs() Control.ResetText() Control.ResumeLayout() Control.ResumeLayout(bool) Control.Scale(SizeF) Control.Select() Control.SelectNextControl(Control, bool, bool, bool, bool) Control.SendToBack() Control.SetBounds(int, int, int, int) Control.SetBounds(int, int, int, int, BoundsSpecified) Control.SizeFromClientSize(Size) Control.SetStyle(ControlStyles, bool) Control.SetTopLevel(bool) Control.RtlTranslateAlignment(HorizontalAlignment) Control.RtlTranslateAlignment(LeftRightAlignment) Control.RtlTranslateAlignment(ContentAlignment) Control.RtlTranslateHorizontal(HorizontalAlignment) Control.RtlTranslateLeftRight(LeftRightAlignment) Control.RtlTranslateContent(ContentAlignment) Control.Show() Control.SuspendLayout() Control.Update() Control.UpdateBounds() Control.UpdateBounds(int, int, int, int) Control.UpdateBounds(int, int, int, int, int, int) Control.UpdateZOrder() Control.UpdateStyles() Control.OnImeModeChanged(EventArgs) Control.AccessibilityObject Control.AccessibleDefaultActionDescription Control.AccessibleDescription Control.AccessibleName Control.AccessibleRole Control.AllowDrop Control.Anchor Control.AutoScrollOffset Control.LayoutEngine Control.DataContext Control.BackgroundImage Control.BackgroundImageLayout Control.Bottom Control.Bounds Control.CanFocus Control.CanRaiseEvents Control.CanSelect Control.Capture Control.CausesValidation Control.CheckForIllegalCrossThreadCalls Control.ClientRectangle Control.CompanyName Control.ContainsFocus Control.ContextMenuStrip Control.Controls Control.Created Control.Cursor Control.DataBindings Control.DefaultBackColor Control.DefaultCursor Control.DefaultFont Control.DefaultForeColor Control.DefaultMargin Control.DefaultMaximumSize Control.DefaultMinimumSize Control.DefaultPadding Control.DeviceDpi Control.IsDisposed Control.Disposing Control.Dock Control.DoubleBuffered Control.Enabled Control.Focused Control.Font Control.FontHeight Control.ForeColor Control.Handle Control.HasChildren Control.Height Control.IsHandleCreated Control.InvokeRequired Control.IsAccessible Control.IsAncestorSiteInDesignMode Control.IsMirrored Control.Left Control.Margin Control.ModifierKeys Control.MouseButtons Control.MousePosition Control.Name Control.Parent Control.ProductName Control.ProductVersion Control.RecreatingHandle Control.Region Control.RenderRightToLeft Control.ResizeRedraw Control.Right Control.RightToLeft Control.ScaleChildren Control.Site Control.TabIndex Control.TabStop Control.Tag Control.Top Control.TopLevelControl Control.ShowKeyboardCues Control.ShowFocusCues Control.UseWaitCursor Control.Visible Control.Width Control.PreferredSize Control.Padding Control.ImeMode Control.ImeModeBase Control.PropagatingImeMode Control.BackColorChanged Control.BackgroundImageChanged Control.BackgroundImageLayoutChanged Control.BindingContextChanged Control.CausesValidationChanged Control.ClientSizeChanged Control.ContextMenuStripChanged Control.CursorChanged Control.DockChanged Control.EnabledChanged Control.FontChanged Control.ForeColorChanged Control.LocationChanged Control.MarginChanged Control.RegionChanged Control.RightToLeftChanged Control.SizeChanged Control.TabIndexChanged Control.TabStopChanged Control.TextChanged Control.VisibleChanged Control.Click Control.ControlAdded Control.ControlRemoved Control.DataContextChanged Control.DragDrop Control.DragEnter Control.DragOver Control.DragLeave Control.GiveFeedback Control.HandleCreated Control.HandleDestroyed Control.HelpRequested Control.Invalidated Control.PaddingChanged Control.Paint Control.QueryContinueDrag Control.QueryAccessibilityHelp Control.DoubleClick Control.Enter Control.GotFocus Control.KeyDown Control.KeyPress Control.KeyUp Control.Layout Control.Leave Control.LostFocus Control.MouseClick Control.MouseDoubleClick Control.MouseCaptureChanged Control.MouseDown Control.MouseEnter Control.MouseLeave Control.DpiChangedBeforeParent Control.DpiChangedAfterParent Control.MouseHover Control.MouseMove Control.MouseUp Control.MouseWheel Control.Move Control.PreviewKeyDown Control.Resize Control.ChangeUICues Control.StyleChanged Control.SystemColorsChanged Control.Validating Control.Validated Control.ParentChanged Control.ImeModeChanged Component.Dispose() Component.GetService(Type) Component.Container Component.DesignMode Component.Events Component.Disposed MarshalByRefObject.GetLifetimeService() MarshalByRefObject.InitializeLifetimeService() MarshalByRefObject.MemberwiseClone(bool) object.Equals(object) object.Equals(object, object) object.GetHashCode() object.GetType() object.MemberwiseClone() object.ReferenceEquals(object, object) Constructors OutputForm() Initializes a new instance of the OutputForm class. Sets up the BOOSE environment, canvas, parser, and UI. public OutputForm() Methods Dispose(bool) Clean up any resources being used. protected override void Dispose(bool disposing) Parameters disposing bool true if managed resources should be disposed; otherwise, false."
  },
  "api/Medium_Scale_Software_Engineering_Project.html": {
    "href": "api/Medium_Scale_Software_Engineering_Project.html",
    "title": "Namespace Medium_Scale_Software_Engineering_Project | Sourav_Subedi_Paint_App",
    "summary": "Namespace Medium_Scale_Software_Engineering_Project Classes OutputForm Represents the main output and editor form for the BOOSE graphics application. Handles program input, parsing, execution, canvas drawing, file operations, and UI commands."
  },
  "docs/getting-started.html": {
    "href": "docs/getting-started.html",
    "title": "Getting Started | Sourav_Subedi_Paint_App",
    "summary": "Getting Started"
  },
  "docs/introduction.html": {
    "href": "docs/introduction.html",
    "title": "Introduction | Sourav_Subedi_Paint_App",
    "summary": "Introduction"
  },
  "index.html": {
    "href": "index.html",
    "title": "This is the HOMEPAGE. | Sourav_Subedi_Paint_App",
    "summary": "This is the HOMEPAGE. Refer to Markdown for how to write markdown files. Quick Start Notes: Add images to the images folder if the file is referencing an image."
  }
}