{
  "$schema": "https://raw.githubusercontent.com/dotnet/docfx/main/schemas/docfx.schema.json",
  "metadata": [
    {
      "src": [
        {
          "src": "../Medium_Scale_Software_Engineering_Project",
          "files": [
            "**/*.csproj"
          ]
        }
      ],
      "dest": "api"
    }
  ],
  "build": {
    "content": [
      {
        "files": [
          "**/*.{md,yml}"
        ],
        "exclude": [
          "_site/**"
        ]
      }
    ],
    "resource": [
      {
        "files": [
          "images/**"
        ]
      }
    ],
    "output": "_site",
    "template": [
      "default",
      "modern"
    ],
    "globalMetadata": {
      "_appName": "Sourav_Subedi_Paint_App",
      "_appTitle": "Sourav_Subedi_Paint_App",
      "_enableSearch": true,
      "pdf": false
    }
  }
}