
{"items":[{"name":"MYBooseApp","href":"MYBooseApp.html","topicHref":"MYBooseApp.html","topicUid":"MYBooseApp","type":"Namespace","items":[{"name":"AppCanvas","href":"MYBooseApp.AppCanvas.html","topicHref":"MYBooseApp.AppCanvas.html","topicUid":"MYBooseApp.AppCanvas","type":"Class"},{"name":"AppCommandFactory","href":"MYBooseApp.AppCommandFactory.html","topicHref":"MYBooseApp.AppCommandFactory.html","topicUid":"MYBooseApp.AppCommandFactory","type":"Class"},{"name":"AppMoveto","href":"MYBooseApp.AppMoveto.html","topicHref":"MYBooseApp.AppMoveto.html","topicUid":"MYBooseApp.AppMoveto","type":"Class"},{"name":"AppParser","href":"MYBooseApp.AppParser.html","topicHref":"MYBooseApp.AppParser.html","topicUid":"MYBooseApp.AppParser","type":"Class"},{"name":"AppStoredProgram","href":"MYBooseApp.AppStoredProgram.html","topicHref":"MYBooseApp.AppStoredProgram.html","topicUid":"MYBooseApp.AppStoredProgram","type":"Class"}]},{"name":"Medium_Scale_Software_Engineering_Project","href":"Medium_Scale_Software_Engineering_Project.html","topicHref":"Medium_Scale_Software_Engineering_Project.html","topicUid":"Medium_Scale_Software_Engineering_Project","type":"Namespace","items":[{"name":"OutputForm","href":"Medium_Scale_Software_Engineering_Project.OutputForm.html","topicHref":"Medium_Scale_Software_Engineering_Project.OutputForm.html","topicUid":"Medium_Scale_Software_Engineering_Project.OutputForm","type":"Class"}]}],"memberLayout":"SamePage","pdf":false}
